has_injured,n_team_matches,avg_pts,avg_xpts,avg_injured_players
False,158,1.3734177215189873,1.3596749475694647,0.0
True,3642,1.386875343218012,1.3820352792336121,6.372048325096101
